{"cameraMode":{"drawMode":0,"name":"Shaded","section":"Shading Mode"},"sceneLighting":true,"audioPlay":false,"sceneViewState":{"showFog":false,"showMaterialUpdate":false,"showSkybox":false,"showFlares":false,"showImageEffects":false,"showParticleSystems":false},"in2DMode":false,"pivot":{"x":5.5783281326293949,"y":4.429095268249512,"z":-14.730195045471192},"rotation":{"x":0.3231344521045685,"y":-0.3986641466617584,"z":0.15252073109149934,"w":0.8446245789527893},"size":14.79503345489502,"orthographic":true}