{"cameraMode":{"drawMode":0,"name":"Shaded","section":"Shading Mode"},"sceneLighting":true,"audioPlay":false,"sceneViewState":{"showFog":false,"showMaterialUpdate":false,"showSkybox":false,"showFlares":false,"showImageEffects":false,"showParticleSystems":false},"in2DMode":false,"pivot":{"x":7.137362480163574,"y":0.2611316442489624,"z":-5.261011123657227},"rotation":{"x":0.7046325206756592,"y":-0.022336894646286966,"z":0.02220328152179718,"w":0.7088732123374939},"size":22.277324676513673,"orthographic":true}