{"cameraMode":{"drawMode":0,"name":"Shaded","section":"Shading Mode"},"sceneLighting":false,"audioPlay":false,"sceneViewState":{"showFog":false,"showMaterialUpdate":false,"showSkybox":false,"showFlares":false,"showImageEffects":false,"showParticleSystems":false},"in2DMode":false,"pivot":{"x":-1.7999999523162842,"y":1.74686598777771,"z":-8.665027618408204},"rotation":{"x":0.29488396644592287,"y":-0.3719092309474945,"z":0.1258937418460846,"w":0.8711371421813965},"size":9.677899360656739,"orthographic":true}