{"cameraMode":{"drawMode":0,"name":"Shaded","section":"Shading Mode"},"sceneLighting":false,"audioPlay":false,"sceneViewState":{"showFog":false,"showMaterialUpdate":false,"showSkybox":false,"showFlares":false,"showImageEffects":false,"showParticleSystems":false},"in2DMode":false,"pivot":{"x":5.2888994216918949,"y":0.16586518287658692,"z":-3.5205435752868654},"rotation":{"x":0.10858935862779618,"y":-0.6865311861038208,"z":0.10481221973896027,"w":0.7112667560577393},"size":3.210242748260498,"orthographic":true}