{"cameraMode":{"drawMode":0,"name":"Shaded","section":"Shading Mode"},"sceneLighting":true,"audioPlay":false,"sceneViewState":{"showFog":false,"showMaterialUpdate":false,"showSkybox":false,"showFlares":false,"showImageEffects":false,"showParticleSystems":false},"in2DMode":false,"pivot":{"x":-4.619602203369141,"y":-2.3799889087677,"z":24.12359619140625},"rotation":{"x":-0.07397568225860596,"y":0.21897335350513459,"z":-0.0166503693908453,"w":-0.9727911353111267},"size":40.0848274230957,"orthographic":false}